country_id,next_week_hospitalizations
Belgium 9/7/2020,314.29653955333606
Belgium 9/8/2020,338.52973090139665
Belgium 9/9/2020,348.312194795613
Belgium 9/10/2020,358.01296175105233
Belgium 9/11/2020,366.2430112132816
Belgium 9/12/2020,371.97075948767304
Belgium 9/13/2020,397.7126076522778
Belgium 9/14/2020,669.662753502466
Belgium 9/15/2020,687.6647923454303
Belgium 9/16/2020,738.8040814935746
Belgium 9/17/2020,779.301794826348
Belgium 9/18/2020,824.6453997176213
Belgium 9/19/2020,875.0051391024464
Belgium 9/20/2020,902.8131401356104
Belgium 9/21/2020,1078.3673287341348
Belgium 9/22/2020,1121.5076135604695
Belgium 9/23/2020,1181.1426303770145
Belgium 9/24/2020,1255.2423084603672
Belgium 9/25/2020,1302.5760531623082
Belgium 9/26/2020,1322.7466092483883
Belgium 9/27/2020,1352.7043210267234
Belgium 9/28/2020,1782.8779682605755
Belgium 9/29/2020,1785.4061840550723
Belgium 9/30/2020,1798.6842917590275
Belgium 10/1/2020,1806.6311082063187
Belgium 10/2/2020,1812.2996011670473
Belgium 10/3/2020,1821.9350176297003
Belgium 10/4/2020,1843.9871034994055
Belgium 11/30/2020,2988.3870091448616
Belgium 12/1/2020,2891.6848115473813
Belgium 12/2/2020,2716.64775599342
Belgium 12/3/2020,2531.0053889060214
Belgium 12/4/2020,2421.904597448587
Belgium 12/5/2020,2215.1444597145273
Belgium 12/6/2020,2175.6259095897226
Belgium 12/7/2020,2571.19846246883
Belgium 12/8/2020,2488.2262275816674
Belgium 12/9/2020,2450.8669481619827
Belgium 12/10/2020,2449.353834725934
Belgium 12/11/2020,2463.7184763107775
Belgium 12/12/2020,2378.2403123402055
Belgium 12/13/2020,2474.6578318146685
Belgium 12/14/2020,2546.6726968474095
Belgium 12/15/2020,2498.276640743154
Belgium 12/16/2020,2458.853201188371
Belgium 12/17/2020,2438.0770814058706
Belgium 12/18/2020,2411.646723938266
Belgium 12/19/2020,2314.985658383771
Belgium 12/20/2020,2326.759378517939
Belgium 12/21/2020,2341.659159292897
Belgium 12/22/2020,2329.9194152031855
Belgium 12/23/2020,2280.430675306742
Belgium 12/24/2020,2240.5229143218144
Belgium 12/25/2020,2119.6987697450027
Belgium 12/26/2020,2060.4571794375097
Belgium 12/27/2020,2094.95306396239
Belgium 3/1/2021,2012.8857464419414
Belgium 3/2/2021,1985.5270187102094
Belgium 3/3/2021,1974.1482425033332
Belgium 3/4/2021,1952.9743820730946
Belgium 3/5/2021,1949.5544641494976
Belgium 3/6/2021,1908.3438044216484
Belgium 3/7/2021,1922.4602107938065
Belgium 3/8/2021,1998.5721159762395
Belgium 3/9/2021,1978.2594735139496
Belgium 3/10/2021,1968.6702578367692
Belgium 3/11/2021,1943.0742042555514
Belgium 3/12/2021,1941.7266196367548
Belgium 3/13/2021,1917.073201948066
Belgium 3/14/2021,1960.2046591294456
Belgium 3/15/2021,2123.9203576358063
Belgium 3/16/2021,2128.1218624829207
Belgium 3/17/2021,2160.652577140877
Belgium 3/18/2021,2182.885196672982
Belgium 3/19/2021,2199.3794558892
Belgium 3/20/2021,2195.128611141773
Belgium 3/21/2021,2232.3147615719317
Belgium 3/22/2021,2432.9113936184917
Belgium 3/23/2021,2448.620224670588
Belgium 3/24/2021,2476.4374121957035
Belgium 3/25/2021,2496.122056666297
Belgium 3/26/2021,2504.9489992427516
Belgium 3/27/2021,2533.887372598994
Belgium 3/28/2021,2616.647787565006
Croatia 9/7/2020,383.2497150832953
Croatia 9/8/2020,385.2457307945451
Croatia 9/9/2020,384.1761079587109
Croatia 9/10/2020,392.5049572805143
Croatia 9/11/2020,399.9330310564053
Croatia 9/12/2020,398.30448823868994
Croatia 9/13/2020,395.7520391499747
Croatia 9/14/2020,414.4181745012751
Croatia 9/15/2020,409.4454363253543
Croatia 9/16/2020,404.4920480436542
Croatia 9/17/2020,404.75134370843807
Croatia 9/18/2020,396.8531469584711
Croatia 9/19/2020,397.35186696821546
Croatia 9/20/2020,394.6184563985096
Croatia 9/21/2020,402.82209352408216
Croatia 9/22/2020,400.31296210741345
Croatia 9/23/2020,401.05824988689733
Croatia 9/24/2020,397.31202194839403
Croatia 9/25/2020,400.8335526158551
Croatia 9/26/2020,401.9819259816203
Croatia 9/27/2020,407.8889428708906
Croatia 9/28/2020,422.9975944026763
Croatia 9/29/2020,420.5878816404877
Croatia 9/30/2020,428.6780044295823
Croatia 10/1/2020,436.94663578833234
Croatia 10/2/2020,438.7227549074755
Croatia 10/3/2020,441.94750615426807
Croatia 10/4/2020,447.2627767984477
Croatia 11/30/2020,2451.4307524391106
Croatia 12/1/2020,2445.032901002316
Croatia 12/2/2020,2471.664014869998
Croatia 12/3/2020,2530.095410772537
Croatia 12/4/2020,2552.783147531407
Croatia 12/5/2020,2531.3283455177225
Croatia 12/6/2020,2533.7821089818517
Croatia 12/7/2020,2624.4908700422648
Croatia 12/8/2020,2637.5561877408973
Croatia 12/9/2020,2649.369687320093
Croatia 12/10/2020,2672.3982494900893
Croatia 12/11/2020,2707.21351293976
Croatia 12/12/2020,2684.029287497929
Croatia 12/13/2020,2720.076756105474
Croatia 12/14/2020,2730.299923931924
Croatia 12/15/2020,2756.472650566283
Croatia 12/16/2020,2776.524647943262
Croatia 12/17/2020,2815.9993661484173
Croatia 12/18/2020,2805.7579456087897
Croatia 12/19/2020,2755.4971369659997
Croatia 12/20/2020,2798.547064855924
Croatia 12/21/2020,2872.9689995055887
Croatia 12/22/2020,2838.252179104129
Croatia 12/23/2020,2769.554948593617
Croatia 12/24/2020,2658.9809722541377
Croatia 12/25/2020,2525.8954579600363
Croatia 12/26/2020,2446.919380076807
Croatia 12/27/2020,2425.712295511463
Croatia 3/1/2021,730.8962890397626
Croatia 3/2/2021,723.447428526604
Croatia 3/3/2021,717.6382324650436
Croatia 3/4/2021,706.4778942744316
Croatia 3/5/2021,702.367893574651
Croatia 3/6/2021,695.2299595359029
Croatia 3/7/2021,705.2079397643643
Croatia 3/8/2021,689.8354140073227
Croatia 3/9/2021,687.6985497076789
Croatia 3/10/2021,699.5743657277094
Croatia 3/11/2021,705.5488808469906
Croatia 3/12/2021,709.9084476985545
Croatia 3/13/2021,706.2357804237121
Croatia 3/14/2021,722.8694583348195
Croatia 3/15/2021,741.8829346812374
Croatia 3/16/2021,736.3913761020611
Croatia 3/17/2021,748.6116537388341
Croatia 3/18/2021,751.1891054945604
Croatia 3/19/2021,763.6806930679479
Croatia 3/20/2021,768.3257182868117
Croatia 3/21/2021,790.3086795235124
Croatia 3/22/2021,795.0538647122517
Croatia 3/23/2021,801.3671903043835
Croatia 3/24/2021,812.7944743207412
Croatia 3/25/2021,827.2630231589746
Croatia 3/26/2021,844.9057890354718
Croatia 3/27/2021,864.9363159348483
Croatia 3/28/2021,898.0750583545205
Cyprus 9/7/2020,12.137449809283831
Cyprus 9/8/2020,12.278275734052714
Cyprus 9/9/2020,12.424303160775198
Cyprus 9/10/2020,12.595072519703466
Cyprus 9/11/2020,12.797461213640494
Cyprus 9/12/2020,13.011052115948216
Cyprus 9/13/2020,13.231511151805586
Cyprus 9/14/2020,13.70374173224974
Cyprus 9/15/2020,13.983574572680487
Cyprus 9/16/2020,14.22960472153299
Cyprus 9/17/2020,14.496365820427279
Cyprus 9/18/2020,14.741613405978137
Cyprus 9/19/2020,14.94804485560847
Cyprus 9/20/2020,15.11079124978026
Cyprus 9/21/2020,15.377275130311721
Cyprus 9/22/2020,15.55536900243857
Cyprus 9/23/2020,15.944419201246498
Cyprus 9/24/2020,16.266083009846554
Cyprus 9/25/2020,16.768334687597644
Cyprus 9/26/2020,17.177993403533915
Cyprus 9/27/2020,17.711193196315243
Cyprus 9/28/2020,17.938964793763994
Cyprus 9/29/2020,18.43502471536875
Cyprus 9/30/2020,18.624934097915094
Cyprus 10/1/2020,18.912169091679495
Cyprus 10/2/2020,19.176145717797592
Cyprus 10/3/2020,19.623491901884215
Cyprus 10/4/2020,19.865820258884263
Cyprus 11/30/2020,118.7056927534635
Cyprus 12/1/2020,121.56493312833989
Cyprus 12/2/2020,121.90324385947056
Cyprus 12/3/2020,122.36763905095044
Cyprus 12/4/2020,119.95704421914036
Cyprus 12/5/2020,120.58308009489357
Cyprus 12/6/2020,121.23570078160364
Cyprus 12/7/2020,129.10062425112338
Cyprus 12/8/2020,127.50974522865478
Cyprus 12/9/2020,127.44363809818759
Cyprus 12/10/2020,125.3554364215969
Cyprus 12/11/2020,125.99036751762773
Cyprus 12/12/2020,127.57747422096165
Cyprus 12/13/2020,130.64260447861537
Cyprus 12/14/2020,137.85212260215854
Cyprus 12/15/2020,139.6184855290683
Cyprus 12/16/2020,141.21707352407563
Cyprus 12/17/2020,140.28992630785427
Cyprus 12/18/2020,139.9021702834833
Cyprus 12/19/2020,139.41134586320317
Cyprus 12/20/2020,141.31088475544107
Cyprus 12/21/2020,143.96204296191382
Cyprus 12/22/2020,145.31551996152893
Cyprus 12/23/2020,149.53474290852324
Cyprus 12/24/2020,150.96572366358845
Cyprus 12/25/2020,153.63260714434335
Cyprus 12/26/2020,155.11164529269598
Cyprus 12/27/2020,156.991932483702
Cyprus 3/1/2021,146.0620156669491
Cyprus 3/2/2021,146.47902852052277
Cyprus 3/3/2021,148.61469066489903
Cyprus 3/4/2021,152.60413296704408
Cyprus 3/5/2021,157.0469955651084
Cyprus 3/6/2021,163.44997164575963
Cyprus 3/7/2021,167.7478642096394
Cyprus 3/8/2021,182.79574962404325
Cyprus 3/9/2021,188.29946476706345
Cyprus 3/10/2021,193.76603471108677
Cyprus 3/11/2021,202.7587801317207
Cyprus 3/12/2021,209.2670436361315
Cyprus 3/13/2021,213.35085833026596
Cyprus 3/14/2021,216.561837683549
Cyprus 3/15/2021,210.60039519251944
Cyprus 3/16/2021,213.33208796587485
Cyprus 3/17/2021,212.41917896635684
Cyprus 3/18/2021,208.31964588973406
Cyprus 3/19/2021,201.7106883931196
Cyprus 3/20/2021,195.75788632789482
Cyprus 3/21/2021,194.02885712125035
Cyprus 3/22/2021,193.54198518129374
Cyprus 3/23/2021,194.20256647109596
Cyprus 3/24/2021,190.57137495337344
Cyprus 3/25/2021,184.53025424821914
Cyprus 3/26/2021,181.6364404928053
Cyprus 3/27/2021,179.44707806174867
Cyprus 3/28/2021,178.7897746502268
Czechia 9/7/2020,461.8817028603401
Czechia 9/8/2020,472.29174735232317
Czechia 9/9/2020,484.9339566394094
Czechia 9/10/2020,494.7745976810765
Czechia 9/11/2020,517.1709342558561
Czechia 9/12/2020,517.800653767602
Czechia 9/13/2020,529.0317429510478
Czechia 9/14/2020,659.0799471735941
Czechia 9/15/2020,683.951311886056
Czechia 9/16/2020,715.3565121426591
Czechia 9/17/2020,783.8528062177998
Czechia 9/18/2020,833.0879193252258
Czechia 9/19/2020,851.1470883026138
Czechia 9/20/2020,871.9150276799883
Czechia 9/21/2020,1130.6561858317798
Czechia 9/22/2020,1193.811511159192
Czechia 9/23/2020,1266.3209917414838
Czechia 9/24/2020,1334.811101094959
Czechia 9/25/2020,1405.7523736619758
Czechia 9/26/2020,1408.2060115222127
Czechia 9/27/2020,1428.4264025740724
Czechia 9/28/2020,1830.7464421112077
Czechia 9/29/2020,1910.054345530531
Czechia 9/30/2020,1958.5471445263684
Czechia 10/1/2020,2041.540543498553
Czechia 10/2/2020,2097.5162613602206
Czechia 10/3/2020,2086.9403893355616
Czechia 10/4/2020,2148.708001621901
Czechia 11/30/2020,4087.0016709467072
Czechia 12/1/2020,4081.8590435670576
Czechia 12/2/2020,4214.191006757137
Czechia 12/3/2020,4129.105946239316
Czechia 12/4/2020,4173.192217073732
Czechia 12/5/2020,3970.709140322818
Czechia 12/6/2020,4054.160332617735
Czechia 12/7/2020,4564.594045448428
Czechia 12/8/2020,4557.232079947863
Czechia 12/9/2020,4661.800458123853
Czechia 12/10/2020,4828.23368661253
Czechia 12/11/2020,4944.172957175836
Czechia 12/12/2020,4863.613027133402
Czechia 12/13/2020,5041.932092718521
Czechia 12/14/2020,5724.124853317765
Czechia 12/15/2020,5733.234977668055
Czechia 12/16/2020,5774.09525396097
Czechia 12/17/2020,5798.189453949257
Czechia 12/18/2020,5803.953599552311
Czechia 12/19/2020,5575.922496513524
Czechia 12/20/2020,5620.925547867385
Czechia 12/21/2020,5791.701456435336
Czechia 12/22/2020,5744.034473780372
Czechia 12/23/2020,5821.683252600622
Czechia 12/24/2020,5377.356979927964
Czechia 12/25/2020,5201.487835861686
Czechia 12/26/2020,5236.717250636908
Czechia 12/27/2020,5610.720703645352
Czechia 3/1/2021,8873.465922020343
Czechia 3/2/2021,9026.592955289485
Czechia 3/3/2021,9097.259059529593
Czechia 3/4/2021,9043.612938150492
Czechia 3/5/2021,8933.05535974495
Czechia 3/6/2021,8552.531057545986
Czechia 3/7/2021,8655.947006882825
Czechia 3/8/2021,9305.715556929948
Czechia 3/9/2021,9279.759167771163
Czechia 3/10/2021,9418.424153044894
Czechia 3/11/2021,9386.384975335917
Czechia 3/12/2021,9285.605814326502
Czechia 3/13/2021,8880.41954477794
Czechia 3/14/2021,8957.146064762921
Czechia 3/15/2021,9398.613125075992
Czechia 3/16/2021,9432.700820812677
Czechia 3/17/2021,9387.624634163249
Czechia 3/18/2021,9037.054687517664
Czechia 3/19/2021,8666.697072910685
Czechia 3/20/2021,8121.265634253889
Czechia 3/21/2021,8056.613361601459
Czechia 3/22/2021,8100.447452924562
Czechia 3/23/2021,8019.397206208263
Czechia 3/24/2021,7875.098938298097
Czechia 3/25/2021,7562.543587572249
Czechia 3/26/2021,7406.545537435402
Czechia 3/27/2021,7113.6250140902675
Czechia 3/28/2021,7208.494301827334
Denmark 9/7/2020,36.61034267152501
Denmark 9/8/2020,37.77149185297356
Denmark 9/9/2020,39.0018800408374
Denmark 9/10/2020,40.6773099906309
Denmark 9/11/2020,43.698243424705325
Denmark 9/12/2020,45.654808133918394
Denmark 9/13/2020,47.64354778450835
Denmark 9/14/2020,68.83582386191804
Denmark 9/15/2020,72.60052867929159
Denmark 9/16/2020,73.54733452190818
Denmark 9/17/2020,77.22102513681618
Denmark 9/18/2020,78.6732464382452
Denmark 9/19/2020,80.9668928595889
Denmark 9/20/2020,83.89085989911847
Denmark 9/21/2020,80.96006093825936
Denmark 9/22/2020,84.77333798525498
Denmark 9/23/2020,87.1544971868553
Denmark 9/24/2020,93.67567769303544
Denmark 9/25/2020,99.3300802541055
Denmark 9/26/2020,102.0728670635728
Denmark 9/27/2020,103.25116012205335
Denmark 9/28/2020,93.7290597393339
Denmark 9/29/2020,95.67195637351448
Denmark 9/30/2020,95.81617983269692
Denmark 10/1/2020,97.85454612258386
Denmark 10/2/2020,97.76611852827412
Denmark 10/3/2020,98.02995268830233
Denmark 10/4/2020,97.82966790323144
Denmark 11/30/2020,312.31627981389585
Denmark 12/1/2020,312.0223391590964
Denmark 12/2/2020,317.45149555127045
Denmark 12/3/2020,322.1417829389231
Denmark 12/4/2020,336.0047423614809
Denmark 12/5/2020,337.33997757865484
Denmark 12/6/2020,349.02204902574425
Denmark 12/7/2020,652.2483935391177
Denmark 12/8/2020,666.1098922386527
Denmark 12/9/2020,671.7583951784136
Denmark 12/10/2020,672.8297325547951
Denmark 12/11/2020,680.3358837176968
Denmark 12/12/2020,681.4761606774222
Denmark 12/13/2020,689.6184039557822
Denmark 12/14/2020,846.0313407838178
Denmark 12/15/2020,853.1809826684176
Denmark 12/16/2020,870.9741495530102
Denmark 12/17/2020,883.347869522263
Denmark 12/18/2020,911.8373093998155
Denmark 12/19/2020,939.3011276505943
Denmark 12/20/2020,978.8815716480505
Denmark 12/21/2020,806.2713076735307
Denmark 12/22/2020,815.7373715974513
Denmark 12/23/2020,807.765836866048
Denmark 12/24/2020,794.783505709478
Denmark 12/25/2020,777.1547722847599
Denmark 12/26/2020,773.1175350923609
Denmark 12/27/2020,775.4139476755722
Denmark 3/1/2021,234.3050273463709
Denmark 3/2/2021,234.86444070262772
Denmark 3/3/2021,233.7377243701278
Denmark 3/4/2021,230.81832061152664
Denmark 3/5/2021,228.97911386309076
Denmark 3/6/2021,226.58494705485174
Denmark 3/7/2021,228.9127280982598
Denmark 3/8/2021,229.75937347336347
Denmark 3/9/2021,227.5652188496063
Denmark 3/10/2021,229.29291221943276
Denmark 3/11/2021,227.90497917028324
Denmark 3/12/2021,228.6586921597925
Denmark 3/13/2021,224.45090112220817
Denmark 3/14/2021,222.97401416613684
Denmark 3/15/2021,200.86153365072613
Denmark 3/16/2021,197.1373231330302
Denmark 3/17/2021,192.32036377603208
Denmark 3/18/2021,189.461086707964
Denmark 3/19/2021,186.67780014987656
Denmark 3/20/2021,181.79962385720216
Denmark 3/21/2021,180.53897696074645
Denmark 3/22/2021,189.24038760869792
Denmark 3/23/2021,194.7507709587986
Denmark 3/24/2021,199.83724466189403
Denmark 3/25/2021,202.53697142439472
Denmark 3/26/2021,202.6081634249671
Denmark 3/27/2021,197.79602839530207
Denmark 3/28/2021,197.64904686359483
Estonia 9/7/2020,16.088426938572677
Estonia 9/8/2020,16.35613683391965
Estonia 9/9/2020,16.851499585861667
Estonia 9/10/2020,17.545424818466184
Estonia 9/11/2020,18.210481216463265
Estonia 9/12/2020,18.80645709729683
Estonia 9/13/2020,19.466883037968536
Estonia 9/14/2020,20.51031355327141
Estonia 9/15/2020,21.100115495023687
Estonia 9/16/2020,21.629711555066745
Estonia 9/17/2020,22.267543036440458
Estonia 9/18/2020,22.648820481813612
Estonia 9/19/2020,23.237675352550475
Estonia 9/20/2020,23.67558675225059
Estonia 9/21/2020,25.76850454243912
Estonia 9/22/2020,26.58471356547197
Estonia 9/23/2020,27.730990283391506
Estonia 9/24/2020,28.273107854164223
Estonia 9/25/2020,28.946326510622843
Estonia 9/26/2020,29.61116162343147
Estonia 9/27/2020,30.52584959795585
Estonia 9/28/2020,34.01243016482391
Estonia 9/29/2020,34.980843752001874
Estonia 9/30/2020,36.22961668589571
Estonia 10/1/2020,37.305250855570165
Estonia 10/2/2020,38.46329403629478
Estonia 10/3/2020,40.21467528569795
Estonia 10/4/2020,41.56403000395893
Estonia 11/30/2020,234.52717800573825
Estonia 12/1/2020,235.43138521376883
Estonia 12/2/2020,236.01992017875608
Estonia 12/3/2020,234.80983854986755
Estonia 12/4/2020,239.27052548254144
Estonia 12/5/2020,245.7753837237753
Estonia 12/6/2020,253.0922588258208
Estonia 12/7/2020,283.08858331392605
Estonia 12/8/2020,283.65510249158433
Estonia 12/9/2020,280.7998293721016
Estonia 12/10/2020,285.69737620804136
Estonia 12/11/2020,286.119533690299
Estonia 12/12/2020,289.543542873966
Estonia 12/13/2020,296.88252257955713
Estonia 12/14/2020,313.84966814414975
Estonia 12/15/2020,320.5721804386798
Estonia 12/16/2020,325.8727481794685
Estonia 12/17/2020,327.5897236408892
Estonia 12/18/2020,328.35363925115814
Estonia 12/19/2020,332.7554502431658
Estonia 12/20/2020,346.3782830824655
Estonia 12/21/2020,384.8317553898874
Estonia 12/22/2020,389.9558470518506
Estonia 12/23/2020,387.70893987884205
Estonia 12/24/2020,393.76466616614977
Estonia 12/25/2020,406.7760404416938
Estonia 12/26/2020,414.55822356066244
Estonia 12/27/2020,424.20639256009156
Estonia 3/1/2021,663.9871671927494
Estonia 3/2/2021,671.2364010958454
Estonia 3/3/2021,677.7967312990123
Estonia 3/4/2021,689.5816459011513
Estonia 3/5/2021,686.6102586233651
Estonia 3/6/2021,693.929057438105
Estonia 3/7/2021,706.3040317816915
Estonia 3/8/2021,746.0190496206958
Estonia 3/9/2021,749.9225349266483
Estonia 3/10/2021,752.7544210618889
Estonia 3/11/2021,756.410389762128
Estonia 3/12/2021,759.311807567519
Estonia 3/13/2021,764.9159115979176
Estonia 3/14/2021,771.7878101853702
Estonia 3/15/2021,732.3501906629967
Estonia 3/16/2021,723.7608632254393
Estonia 3/17/2021,723.3249470243381
Estonia 3/18/2021,716.7879152296285
Estonia 3/19/2021,691.5050979839937
Estonia 3/20/2021,687.3655700139259
Estonia 3/21/2021,686.015152896475
Estonia 3/22/2021,710.9471669368675
Estonia 3/23/2021,711.4616886949646
Estonia 3/24/2021,706.4565381695593
Estonia 3/25/2021,706.4204164826309
Estonia 3/26/2021,691.6344555896233
Estonia 3/27/2021,696.1575345195027
Estonia 3/28/2021,705.0465504642028
Iceland 9/7/2020,10.19442537266064
Iceland 9/8/2020,10.20201147349657
Iceland 9/9/2020,10.208379348152526
Iceland 9/10/2020,10.215107018172022
Iceland 9/11/2020,10.222053357046656
Iceland 9/12/2020,10.228927097911283
Iceland 9/13/2020,10.235806369163642
Iceland 9/15/2020,10.255916570087436
Iceland 9/16/2020,10.263168736489382
Iceland 9/17/2020,10.270863707566003
Iceland 9/18/2020,10.280076639590657
Iceland 9/19/2020,10.289272080837883
Iceland 9/20/2020,10.2984145004227
Iceland 9/21/2020,10.310167140716676
Iceland 9/22/2020,10.31838191748466
Iceland 9/23/2020,10.326354076854797
Iceland 9/24/2020,10.33513333135271
Iceland 9/25/2020,10.344074248553737
Iceland 9/26/2020,10.352977141435453
Iceland 9/27/2020,10.361874972286554
Iceland 9/28/2020,10.372429563485701
Iceland 10/4/2020,10.447074960628667
Iceland 11/30/2020,11.33411975985923
Iceland 12/1/2020,11.373698873719091
Iceland 12/2/2020,11.406544182795441
Iceland 12/3/2020,11.440792019450852
Iceland 12/4/2020,11.473689119606513
Iceland 12/8/2020,11.584717472998388
Iceland 12/9/2020,11.610798233263955
Iceland 12/10/2020,11.63932694646703
Iceland 12/11/2020,11.670647135398674
Iceland 12/12/2020,11.704093081624768
Iceland 12/13/2020,11.773324976557232
Iceland 12/14/2020,11.856982961818348
Iceland 12/15/2020,11.950245485299694
Iceland 12/16/2020,12.057604772265968
Iceland 12/17/2020,12.17089362359643
Iceland 12/18/2020,12.276513908168525
Iceland 12/19/2020,12.371995767142726
Iceland 12/20/2020,12.40013915248686
Iceland 12/21/2020,12.491676037836998
Iceland 12/22/2020,12.500335913972934
Iceland 12/27/2020,12.929097391441315
Iceland 3/3/2021,21.149593043329194
Iceland 3/7/2021,22.22161470239205
Iceland 3/8/2021,22.680173990999908
Iceland 3/9/2021,22.689700258230964
Iceland 3/14/2021,24.11147735717421
Iceland 3/18/2021,25.419925329715124
Iceland 3/21/2021,26.722213453420935
Iceland 3/25/2021,27.763023976294473
Iceland 3/28/2021,28.935880988407014
Ireland 9/7/2020,75.2318630990613
Ireland 9/8/2020,76.56719147896683
Ireland 9/9/2020,77.81235387737186
Ireland 9/10/2020,78.76684781647072
Ireland 9/11/2020,80.82273996039117
Ireland 9/12/2020,81.89646934272281
Ireland 9/13/2020,83.61901086126484
Ireland 9/14/2020,93.29947033146094
Ireland 9/15/2020,97.74231395377595
Ireland 9/16/2020,100.21318995583039
Ireland 9/17/2020,105.31375589078951
Ireland 9/18/2020,109.60771223966992
Ireland 9/19/2020,111.36098865243335
Ireland 9/20/2020,115.23336310348188
Ireland 9/21/2020,134.54793850783864
Ireland 9/22/2020,138.78145234760984
Ireland 9/23/2020,140.51951225206537
Ireland 9/24/2020,142.8156512538803
Ireland 9/25/2020,145.95003398294006
Ireland 9/26/2020,148.92295687848082
Ireland 9/27/2020,152.63076644353117
Ireland 9/28/2020,162.80988364423735
Ireland 9/29/2020,166.78187976875327
Ireland 9/30/2020,170.32351893841238
Ireland 10/1/2020,172.98518993012277
Ireland 10/2/2020,173.0932999451054
Ireland 10/3/2020,173.75331448068016
Ireland 10/4/2020,178.26147294840268
Ireland 11/30/2020,223.62053769087348
Ireland 12/1/2020,214.20426582262357
Ireland 12/2/2020,211.4873889525842
Ireland 12/3/2020,213.2188415350877
Ireland 12/4/2020,218.04262410583257
Ireland 12/5/2020,218.79998029553386
Ireland 12/6/2020,220.62724779096033
Ireland 12/7/2020,223.76325853848041
Ireland 12/8/2020,221.04012948028216
Ireland 12/9/2020,220.761263584982
Ireland 12/10/2020,216.72336327892194
Ireland 12/11/2020,216.0568863441689
Ireland 12/12/2020,210.50965875525503
Ireland 12/13/2020,209.6639184805352
Ireland 12/14/2020,209.73486708941385
Ireland 12/15/2020,211.82435213182535
Ireland 12/16/2020,214.41805017777898
Ireland 12/17/2020,221.14182902130835
Ireland 12/18/2020,224.59986759973586
Ireland 12/19/2020,227.6316816119516
Ireland 12/20/2020,235.08450239137295
Ireland 12/21/2020,318.9665264650046
Ireland 12/22/2020,329.5467102061963
Ireland 12/23/2020,338.02297796288644
Ireland 12/24/2020,349.9115607593209
Ireland 12/25/2020,358.1016065066426
Ireland 12/26/2020,372.2264235005353
Ireland 12/27/2020,411.3524818417326
Ireland 3/1/2021,432.59052694169594
Ireland 3/2/2021,411.25692976434954
Ireland 3/3/2021,408.3228095078839
Ireland 3/4/2021,398.4309077066756
Ireland 3/5/2021,386.1481646906518
Ireland 3/6/2021,373.7957593087642
Ireland 3/7/2021,376.7993228654246
Ireland 3/8/2021,367.4785495273939
Ireland 3/9/2021,365.8708849811502
Ireland 3/10/2021,359.0991871024295
Ireland 3/11/2021,354.08716682374245
Ireland 3/12/2021,349.86085472188745
Ireland 3/13/2021,346.69961442774166
Ireland 3/14/2021,352.1473877004988
Ireland 3/15/2021,331.8804675669879
Ireland 3/16/2021,335.5051472921068
Ireland 3/17/2021,340.963718204364
Ireland 3/18/2021,343.6694690192227
Ireland 3/19/2021,342.59726881087033
Ireland 3/20/2021,339.19663017349967
Ireland 3/21/2021,350.4313361599483
Ireland 3/22/2021,328.3302189452438
Ireland 3/23/2021,329.9934510704913
Ireland 3/24/2021,318.9044142669779
Ireland 3/25/2021,307.10534522981123
Ireland 3/26/2021,301.82956645148056
Ireland 3/27/2021,291.9839659527378
Ireland 3/28/2021,292.85424895328316
Italy 9/7/2020,2352.1398793557787
Italy 9/8/2020,2420.366189351589
Italy 9/9/2020,2472.2347238334933
Italy 9/10/2020,2571.0236295654995
Italy 9/11/2020,2609.6323456799014
Italy 9/12/2020,2727.885858432317
Italy 9/13/2020,2872.2483402844864
Italy 9/14/2020,3042.2798387630473
Italy 9/15/2020,3160.853455414838
Italy 9/16/2020,3223.701870005106
Italy 9/17/2020,3305.1121010564525
Italy 9/18/2020,3352.338014940442
Italy 9/19/2020,3356.183148418878
Italy 9/20/2020,3361.4307549409205
Italy 9/21/2020,3261.393661103777
Italy 9/22/2020,3406.6698052165275
Italy 9/23/2020,3545.7249061261505
Italy 9/24/2020,3686.64859947079
Italy 9/25/2020,3748.6758327968846
Italy 9/26/2020,3824.4434939118723
Italy 9/27/2020,3946.352302038096
Italy 9/28/2020,3950.025523058748
Italy 9/29/2020,4117.541664394708
Italy 9/30/2020,4199.996784797728
Italy 10/1/2020,4286.164200584139
Italy 10/2/2020,4375.085404387739
Italy 10/3/2020,4486.448036345
Italy 10/4/2020,4618.905132223699
Italy 11/30/2020,32930.103997425605
Italy 12/1/2020,32839.53041487026
Italy 12/2/2020,32724.416566235974
Italy 12/3/2020,32188.378702341073
Italy 12/4/2020,31894.329702184565
Italy 12/5/2020,31419.72380857519
Italy 12/6/2020,31577.618163537813
Italy 12/7/2020,31799.349358900556
Italy 12/8/2020,31917.27081385895
Italy 12/9/2020,32000.214832579713
Italy 12/10/2020,31401.633715508073
Italy 12/11/2020,31118.78160697929
Italy 12/12/2020,30613.294902624377
Italy 12/13/2020,30419.25166433348
Italy 12/14/2020,30664.90673791106
Italy 12/15/2020,30512.763768951867
Italy 12/16/2020,30042.032686641924
Italy 12/17/2020,29418.92886185087
Italy 12/18/2020,28789.525474487906
Italy 12/19/2020,28390.003684135012
Italy 12/20/2020,28415.36831441359
Italy 12/21/2020,27935.087441773834
Italy 12/22/2020,27731.849082881337
Italy 12/23/2020,27424.537161423686
Italy 12/24/2020,26924.245830818963
Italy 12/25/2020,26374.08780886017
Italy 12/26/2020,26075.374476458666
Italy 12/27/2020,26115.123876586924
Italy 3/1/2021,25037.368257006052
Italy 3/2/2021,25571.400160413006
Italy 3/3/2021,25949.453561157494
Italy 3/4/2021,26385.313556180503
Italy 3/5/2021,26739.544116940786
Italy 3/6/2021,27153.110858933145
Italy 3/7/2021,27590.237423770228
Italy 3/8/2021,28363.254193001754
Italy 3/9/2021,28796.589241029687
Italy 3/10/2021,29120.25628380263
Italy 3/11/2021,29326.269490068127
Italy 3/12/2021,29432.011715509674
Italy 3/13/2021,29678.008989151593
Italy 3/14/2021,29889.88097396278
Italy 3/15/2021,30740.79253056693
Italy 3/16/2021,31284.048911830752
Italy 3/17/2021,31719.23122944331
Italy 3/18/2021,31831.77495432339
Italy 3/19/2021,31530.389019921928
Italy 3/20/2021,31219.181882870802
Italy 3/21/2021,31180.61343182131
Italy 3/22/2021,30923.19719250274
Italy 3/23/2021,31094.6718989731
Italy 3/24/2021,31064.46819887635
Italy 3/25/2021,30765.427724962174
Italy 3/26/2021,30533.624984734513
Italy 3/27/2021,30464.957315089796
Italy 3/28/2021,30559.774536320063
Lithuania 11/30/2020,2681.545896217651
Lithuania 12/1/2020,3035.0298867000893
Lithuania 12/2/2020,3182.8530717101667
Lithuania 12/3/2020,3175.736649924645
Lithuania 12/4/2020,3260.9122521519157
Lithuania 12/5/2020,3306.776297108063
Lithuania 12/6/2020,3237.429777487122
Lithuania 12/14/2020,3193.1053757401373
Lithuania 12/15/2020,2916.5321566790954
Lithuania 12/16/2020,2865.696062990245
Lithuania 12/17/2020,2898.5859305345916
Lithuania 12/18/2020,2563.4795483409653
Lithuania 12/19/2020,2595.0531883142435
Lithuania 12/20/2020,2707.9460074081576
Lithuania 12/21/2020,2494.8130091131143
Lithuania 12/22/2020,2322.509114109347
Lithuania 12/23/2020,2273.3213606129957
Lithuania 12/24/2020,2237.8660525804553
Lithuania 12/25/2020,2230.9783239722715
Lithuania 12/26/2020,2293.444923273512
Lithuania 12/27/2020,2363.261046451603
Lithuania 3/1/2021,886.805011543302
Lithuania 3/2/2021,880.1166048909466
Lithuania 3/3/2021,874.0765733903357
Lithuania 3/4/2021,875.1854465716041
Lithuania 3/7/2021,870.1708782961462
Lithuania 3/8/2021,871.1388439841348
Lithuania 3/9/2021,852.7686420270504
Lithuania 3/10/2021,834.6202175601833
Lithuania 3/11/2021,830.4850823078395
Lithuania 3/12/2021,816.21732644822
Lithuania 3/13/2021,825.7149986591135
Lithuania 3/14/2021,837.3124686628231
Lithuania 3/15/2021,840.8690539100443
Lithuania 3/16/2021,848.7903287621891
Lithuania 3/17/2021,849.835402221097
Lithuania 3/18/2021,843.7863473769614
Lithuania 3/19/2021,830.4010614093802
Lithuania 3/20/2021,828.1388286052996
Lithuania 3/21/2021,837.2839849760896
Lithuania 3/22/2021,826.0359551605966
Lithuania 3/23/2021,813.6872590405774
Lithuania 3/24/2021,806.0387470213585
Lithuania 3/25/2021,814.0999577126184
Lithuania 3/26/2021,804.6184714124237
Lithuania 3/28/2021,824.3082596068103
Netherlands 9/7/2020,118.94054972210569
Netherlands 9/8/2020,122.26217990313742
Netherlands 9/9/2020,125.64670634473993
Netherlands 9/10/2020,129.4564777356373
Netherlands 9/11/2020,132.46784934620115
Netherlands 9/12/2020,134.22987162093602
Netherlands 9/13/2020,137.13649007005836
Netherlands 9/14/2020,321.3284186332244
Netherlands 9/15/2020,338.8874864310816
Netherlands 9/16/2020,349.5989304625907
Netherlands 9/17/2020,368.70249531586074
Netherlands 9/18/2020,386.2471559367908
Netherlands 9/19/2020,414.4546213333456
Netherlands 9/20/2020,437.09087197169487
Netherlands 9/21/2020,769.8023563528282
Netherlands 9/22/2020,785.1783663924148
Netherlands 9/23/2020,815.79490652667
Netherlands 9/24/2020,838.3606411528069
Netherlands 9/25/2020,866.261934384182
Netherlands 9/26/2020,875.8603321336536
Netherlands 9/27/2020,905.3601333612214
Netherlands 9/28/2020,1166.1294005546242
Netherlands 9/29/2020,1177.2221708593615
Netherlands 9/30/2020,1180.696561579361
Netherlands 10/1/2020,1174.2891677066407
Netherlands 10/2/2020,1184.614393475671
Netherlands 10/3/2020,1186.4880227961155
Netherlands 10/4/2020,1209.8341059074264
Netherlands 11/30/2020,1149.2364915572348
Netherlands 12/1/2020,1145.9228582765118
Netherlands 12/2/2020,1129.513632998871
Netherlands 12/3/2020,1146.05093949935
Netherlands 12/4/2020,1161.0745147132363
Netherlands 12/5/2020,1169.8122600403617
Netherlands 12/6/2020,1217.0002772803018
Netherlands 12/7/2020,1487.7065064377925
Netherlands 12/8/2020,1504.059487416555
Netherlands 12/9/2020,1495.5994065910972
Netherlands 12/10/2020,1491.6002449223224
Netherlands 12/11/2020,1503.9329793407428
Netherlands 12/12/2020,1503.1353768372144
Netherlands 12/13/2020,1524.7799594406297
Netherlands 12/14/2020,1774.0365027094854
Netherlands 12/15/2020,1793.1462835981051
Netherlands 12/16/2020,1802.311494162997
Netherlands 12/17/2020,1845.712189296101
Netherlands 12/18/2020,1858.3290568257535
Netherlands 12/19/2020,1865.5309207051241
Netherlands 12/20/2020,1881.1866639466475
Netherlands 12/21/2020,2009.7909016970266
Netherlands 12/22/2020,2088.5919729440766
Netherlands 12/23/2020,2083.6453555044836
Netherlands 12/24/2020,2101.7635996731156
Netherlands 12/25/2020,2104.6515711239595
Netherlands 12/26/2020,2115.7741896854577
Netherlands 12/27/2020,2157.8868175315006
Netherlands 3/1/2021,1423.918474005896
Netherlands 3/2/2021,1468.3376969345468
Netherlands 3/3/2021,1457.185624673219
Netherlands 3/4/2021,1459.7939219947673
Netherlands 3/5/2021,1452.2513927703187
Netherlands 3/6/2021,1416.8511819077144
Netherlands 3/7/2021,1409.2296181584006
Netherlands 3/8/2021,1515.6105112266755
Netherlands 3/9/2021,1533.989513816084
Netherlands 3/10/2021,1512.4535206260666
Netherlands 3/11/2021,1522.8822450255943
Netherlands 3/12/2021,1513.1277775700844
Netherlands 3/13/2021,1513.9808622885998
Netherlands 3/14/2021,1543.5614693803982
Netherlands 3/15/2021,1625.1867202502272
Netherlands 3/16/2021,1638.6367798146075
Netherlands 3/17/2021,1619.439134157266
Netherlands 3/18/2021,1625.6302473276655
Netherlands 3/19/2021,1634.9312664078377
Netherlands 3/20/2021,1629.1735218427852
Netherlands 3/21/2021,1629.2271272247879
Netherlands 3/22/2021,1716.880471620052
Netherlands 3/23/2021,1733.4741187833165
Netherlands 3/24/2021,1724.1024635423942
Netherlands 3/25/2021,1728.875878808286
Netherlands 3/26/2021,1729.027856059195
Netherlands 3/27/2021,1725.5469992409865
Netherlands 3/28/2021,1727.881487817611
Norway 9/7/2020,14.929291168750344
Norway 9/8/2020,14.949224335576396
Norway 9/9/2020,15.157437155404269
Norway 9/10/2020,15.227422310872116
Norway 9/11/2020,15.58356662445634
Norway 9/14/2020,16.495589645517626
Norway 9/15/2020,16.771949008148393
Norway 9/16/2020,16.91753580986051
Norway 9/17/2020,17.327892697989007
Norway 9/18/2020,17.404127221283556
Norway 9/21/2020,20.16896351663249
Norway 9/22/2020,20.51743317515046
Norway 9/23/2020,20.677289854724336
Norway 9/24/2020,21.213774419593143
Norway 9/25/2020,21.211430775483162
Norway 9/28/2020,22.33067305834343
Norway 9/29/2020,22.906938167347207
Norway 9/30/2020,23.64572275021838
Norway 10/1/2020,23.95889612200636
Norway 10/2/2020,24.52362964533463
Norway 11/30/2020,97.4895200731377
Norway 12/1/2020,98.89237468776771
Norway 12/2/2020,100.45042746064019
Norway 12/3/2020,97.66199584435687
Norway 12/4/2020,100.31778972714675
Norway 12/5/2020,102.29831458758568
Norway 12/6/2020,104.09405128268753
Norway 12/7/2020,102.27762346118622
Norway 12/8/2020,102.3529029487547
Norway 12/9/2020,101.16342214841463
Norway 12/10/2020,101.75463395778522
Norway 12/11/2020,101.02745880736578
Norway 12/12/2020,97.61688045240308
Norway 12/13/2020,96.35200204926923
Norway 12/14/2020,110.3322653624102
Norway 12/15/2020,109.67708977444357
Norway 12/16/2020,111.8773135236521
Norway 12/17/2020,109.7487464558912
Norway 12/18/2020,110.03455617313556
Norway 12/19/2020,113.74505732178508
Norway 12/20/2020,116.54037620579047
Norway 12/21/2020,126.29382981946566
Norway 12/22/2020,126.7850406671425
Norway 12/23/2020,125.06805195931862
Norway 12/24/2020,123.13354886020562
Norway 12/25/2020,119.9657016948941
Norway 12/26/2020,117.6664021078013
Norway 12/27/2020,120.31890907167934
Norway 3/1/2021,169.41788302799154
Norway 3/2/2021,173.2225652422025
Norway 3/3/2021,174.60610234249407
Norway 3/4/2021,178.67305670520545
Norway 3/5/2021,182.691752770616
Norway 3/6/2021,187.8022441636437
Norway 3/7/2021,193.88079087092058
Norway 3/8/2021,180.12188300350394
Norway 3/9/2021,184.92236430942688
Norway 3/10/2021,189.40453268066398
Norway 3/11/2021,190.39641084648025
Norway 3/12/2021,190.76722925998217
Norway 3/13/2021,194.34010136067053
Norway 3/14/2021,201.41414647573635
Norway 3/15/2021,205.93382846873726
Norway 3/16/2021,211.35939855267173
Norway 3/17/2021,213.86108101505187
Norway 3/18/2021,214.0487757660511
Norway 3/19/2021,215.75643927401478
Norway 3/20/2021,214.13417970247002
Norway 3/21/2021,214.51985080352136
Norway 3/22/2021,236.52683996428146
Norway 3/23/2021,236.5290592332954
Norway 3/24/2021,237.329720623777
Norway 3/25/2021,229.8775831698286
Norway 3/26/2021,228.15930347287903
Norway 3/27/2021,226.2946576484185
Norway 3/28/2021,227.7483829770304
Portugal 9/7/2020,513.8145927877638
Portugal 9/8/2020,532.73520488275
Portugal 9/9/2020,539.4893935029219
Portugal 9/10/2020,554.0853721296829
Portugal 9/11/2020,560.2311684658259
Portugal 9/12/2020,586.0270975048379
Portugal 9/13/2020,608.6202018472754
Portugal 9/14/2020,674.0697997109183
Portugal 9/15/2020,688.9971603987258
Portugal 9/16/2020,698.4405073546686
Portugal 9/17/2020,696.9934533805857
Portugal 9/18/2020,681.1625666209702
Portugal 9/19/2020,692.815575901586
Portugal 9/20/2020,700.9409548211602
Portugal 9/21/2020,726.4394531092623
Portugal 9/22/2020,753.156611197785
Portugal 9/23/2020,788.5230892670322
Portugal 9/24/2020,814.3320306011656
Portugal 9/25/2020,848.6746584635632
Portugal 9/26/2020,859.820327650998
Portugal 9/27/2020,875.0377183297942
Portugal 9/28/2020,898.0167161311231
Portugal 9/29/2020,904.593834452068
Portugal 9/30/2020,910.4944824778768
Portugal 10/1/2020,918.5551248473073
Portugal 10/2/2020,914.3812120493653
Portugal 10/3/2020,902.6956833527728
Portugal 10/4/2020,899.030253941643
Portugal 11/30/2020,3326.307827380073
Portugal 12/1/2020,3306.1219981300324
Portugal 12/2/2020,3341.6082163781834
Portugal 12/3/2020,3346.4738986537454
Portugal 12/4/2020,3336.821151390923
Portugal 12/5/2020,3274.490620957242
Portugal 12/6/2020,3285.7120829261394
Portugal 12/7/2020,3347.412368672046
Portugal 12/8/2020,3306.1708257277096
Portugal 12/9/2020,3317.866900027534
Portugal 12/10/2020,3303.9860577984496
Portugal 12/11/2020,3274.1818360737207
Portugal 12/12/2020,3152.7542875712606
Portugal 12/13/2020,3170.346795421294
Portugal 12/14/2020,3233.573116975177
Portugal 12/15/2020,3226.953028963081
Portugal 12/16/2020,3234.5858898646024
Portugal 12/17/2020,3197.8784848874975
Portugal 12/18/2020,3140.5800943146505
Portugal 12/19/2020,3049.242446439858
Portugal 12/20/2020,3068.2245508012243
Portugal 12/21/2020,3005.902640888973
Portugal 12/22/2020,3006.5725398377535
Portugal 12/23/2020,2968.017415946404
Portugal 12/24/2020,2846.66451875272
Portugal 12/25/2020,2723.595914314624
Portugal 12/26/2020,2692.1464537361167
Portugal 12/27/2020,2769.4752079931914
Portugal 3/1/2021,1324.9228202209256
Portugal 3/2/2021,1264.6273107213872
Portugal 3/3/2021,1194.4137443592635
Portugal 3/4/2021,1158.7554849752566
Portugal 3/5/2021,1139.8967569596875
Portugal 3/6/2021,1057.5888117448478
Portugal 3/7/2021,1032.8285300674092
Portugal 3/8/2021,983.5640750200214
Portugal 3/9/2021,906.5069774049656
Portugal 3/10/2021,849.5568392593896
Portugal 3/11/2021,799.4241390573619
Portugal 3/12/2021,765.1373923278052
Portugal 3/13/2021,724.194840300627
Portugal 3/14/2021,709.1538273954018
Portugal 3/15/2021,685.1532020892018
Portugal 3/16/2021,664.0422943904769
Portugal 3/17/2021,625.2806932923553
Portugal 3/18/2021,611.0183201937592
Portugal 3/19/2021,594.6014206003784
Portugal 3/20/2021,574.1034771220225
Portugal 3/21/2021,578.7929866091363
Portugal 3/22/2021,570.3569101248263
Portugal 3/23/2021,568.1543655894072
Portugal 3/24/2021,569.3937451786013
Portugal 3/25/2021,568.8646796198475
Portugal 3/26/2021,566.7560628160848
Portugal 3/27/2021,549.095372442114
Portugal 3/28/2021,545.7052855200349
Slovenia 9/7/2020,72.54323117447242
Slovenia 9/8/2020,74.99061988728945
Slovenia 9/9/2020,76.92722674082243
Slovenia 9/10/2020,78.58240564106183
Slovenia 9/11/2020,80.47263430713967
Slovenia 9/12/2020,83.37776158862094
Slovenia 9/13/2020,87.74224548026962
Slovenia 9/14/2020,102.34203121127643
Slovenia 9/15/2020,107.87179386197309
Slovenia 9/16/2020,114.8583312027304
Slovenia 9/17/2020,119.89522955565151
Slovenia 9/18/2020,126.54993896030749
Slovenia 9/19/2020,130.67007741669357
Slovenia 9/20/2020,133.17991845380507
Slovenia 9/21/2020,140.42206724948466
Slovenia 9/22/2020,142.5694994033181
Slovenia 9/23/2020,141.7361416287564
Slovenia 9/24/2020,140.85794235900744
Slovenia 9/25/2020,139.2768370437598
Slovenia 9/26/2020,143.2177725345074
Slovenia 9/27/2020,149.07783651395297
Slovenia 9/28/2020,168.389937587149
Slovenia 9/29/2020,173.09213528952307
Slovenia 9/30/2020,177.29440566529883
Slovenia 10/1/2020,180.55360737697518
Slovenia 10/2/2020,183.52094642928148
Slovenia 10/3/2020,188.3181132362816
Slovenia 10/4/2020,193.32761647059127
Slovenia 11/30/2020,1293.0058963682472
Slovenia 12/1/2020,1293.4505013824264
Slovenia 12/2/2020,1282.1218694462702
Slovenia 12/3/2020,1277.0048265464668
Slovenia 12/4/2020,1279.2200132125026
Slovenia 12/5/2020,1269.3016611948194
Slovenia 12/6/2020,1286.6456093001188
Slovenia 12/7/2020,1305.5306670836503
Slovenia 12/8/2020,1310.8167502901847
Slovenia 12/9/2020,1296.5587891705318
Slovenia 12/10/2020,1283.532602733548
Slovenia 12/11/2020,1284.8259956300321
Slovenia 12/12/2020,1280.4525142879934
Slovenia 12/13/2020,1304.4667275493903
Slovenia 12/14/2020,1263.4132137450174
Slovenia 12/15/2020,1254.626477443704
Slovenia 12/16/2020,1239.5722555699049
Slovenia 12/17/2020,1227.8940140855798
Slovenia 12/18/2020,1209.6807961943366
Slovenia 12/19/2020,1190.8000233624393
Slovenia 12/20/2020,1187.1538718827385
Slovenia 12/21/2020,1196.2535805085931
Slovenia 12/22/2020,1201.9751172650363
Slovenia 12/23/2020,1193.8324829309904
Slovenia 12/24/2020,1180.065273893982
Slovenia 12/25/2020,1153.8965098041035
Slovenia 12/26/2020,1149.9812903156799
Slovenia 12/27/2020,1149.7919157687563
Slovenia 3/1/2021,539.0872385304345
Slovenia 3/2/2021,541.8676172128471
Slovenia 3/3/2021,544.2129744061392
Slovenia 3/4/2021,545.6446808788058
Slovenia 3/5/2021,552.2594780858549
Slovenia 3/6/2021,546.8433162116153
Slovenia 3/7/2021,550.8582534046634
Slovenia 3/8/2021,550.7063477525614
Slovenia 3/9/2021,545.1978612048972
Slovenia 3/10/2021,538.904897614401
Slovenia 3/11/2021,527.8977104328399
Slovenia 3/12/2021,516.6103910863637
Slovenia 3/13/2021,507.18837417868906
Slovenia 3/14/2021,503.5857252738348
Slovenia 3/15/2021,504.4344662992961
Slovenia 3/16/2021,502.5552840822612
Slovenia 3/17/2021,502.64498735618633
Slovenia 3/18/2021,510.7693741041547
Slovenia 3/19/2021,523.6728374677239
Slovenia 3/20/2021,520.2273905351856
Slovenia 3/21/2021,526.6936354099751
Slovenia 3/22/2021,521.8045570510296
Slovenia 3/23/2021,525.4689155023393
Slovenia 3/24/2021,527.136789453378
Slovenia 3/25/2021,528.4559376552252
Slovenia 3/26/2021,529.0032779056644
Slovenia 3/27/2021,525.9281796947187
Slovenia 3/28/2021,523.2590146662844
Spain 9/7/2020,9291.970621190276
Spain 9/8/2020,10138.53840760837
Spain 9/9/2020,11734.76077537378
Spain 9/10/2020,10953.885364859812
Spain 9/11/2020,11292.165950233268
Spain 9/14/2020,10829.536518658331
Spain 9/15/2020,11336.495488376358
Spain 9/16/2020,11595.134044424589
Spain 9/17/2020,11925.356486693612
Spain 9/18/2020,12006.51928719029
Spain 9/21/2020,12184.001292235856
Spain 9/22/2020,12315.422632589534
Spain 9/23/2020,12182.712831664678
Spain 9/24/2020,11967.576691879307
Spain 9/25/2020,11465.146849342573
Spain 9/28/2020,12296.770081831239
Spain 9/29/2020,11841.756945372925
Spain 9/30/2020,11447.945066927567
Spain 10/1/2020,10999.094069664188
Spain 10/2/2020,10751.77895468024
Spain 11/30/2020,10871.394115299829
Spain 12/1/2020,10978.92999041202
Spain 12/2/2020,10882.845715659507
Spain 12/3/2020,10811.16698035502
Spain 12/4/2020,10730.536021818292
Spain 12/9/2020,11354.867473359955
Spain 12/10/2020,11351.446499060241
Spain 12/11/2020,11105.522667133386
Spain 12/14/2020,11559.27955288167
Spain 12/15/2020,11713.103009614757
Spain 12/16/2020,11704.763613127008
Spain 12/17/2020,12092.866164780915
Spain 12/18/2020,12278.737941159708
Spain 12/21/2020,13674.981664618741
Spain 12/22/2020,14217.62831173842
Spain 12/23/2020,14422.386765050693
Spain 12/24/2020,14033.753881115166
Spain 3/1/2021,9109.256014033768
Spain 3/2/2021,8964.967093147543
Spain 3/3/2021,8764.68217244208
Spain 3/4/2021,8604.492373638901
Spain 3/5/2021,8422.192984545543
Spain 3/8/2021,8452.272334738023
Spain 3/9/2021,8774.366999519005
Spain 3/10/2021,9279.959723667731
Spain 3/11/2021,9175.93266703073
